{ "_id" : { "$oid" : "5865b0b8a86f62babb017ba3" }, "ei" : "03bae8b1-64a6-4471-8438-c21a1f393a01", "n" : "Mac", "s" : "Dog", "b" : "Shitzu", "a" : 11, "st" : { "$oid" : "5865b00ea86f62babb017b8c" }, "p" : 800, "rd" : { "$date" : 1481735521820 }, "sl" : false, "l": true }
{ "_id" : { "$oid" : "5865b0b8a86f62babb017ba4" }, "ei" : "03bae8b1-64a6-4471-8438-c21a1f393a02", "n" : "Leo", "s" : "Cat", "b" : "Persian", "a" : 5, "st" : { "$oid" : "5865b00ea86f62babb017b8c" }, "p" : 650.3200000000001, "rd" : { "$date" : 1481735521820 }, "sl" : false, "l": true }
{ "_id" : { "$oid" : "5865b0b8a86f62babb017ba5" }, "ei" : "03bae8b1-64a6-4471-8438-c21a1f393a03", "n" : "Brownie", "s" : "Cat", "b" : "Siamese", "a" : 3, "st" : { "$oid" : "5865b00ea86f62babb017b8c" }, "p" : 755.88, "rd" : { "$date" : 1481735521820 }, "sl" : false, "l": true }
{ "_id" : { "$oid" : "5865b0b8a86f62babb017ba6" }, "ei" : "03bae8b1-64a6-4471-8438-c21a1f393a04", "n" : "Lassie", "s" : "Dog", "b" : "Collie", "a" : 8, "st" : { "$oid" : "5865b00ea86f62babb017b8c" }, "p" : 1740.62, "rd" : { "$date" : 1481735521820 }, "sl" : false, "l": true }
{ "_id" : { "$oid" : "5865b0b8a86f62babb017ba7" }, "ei" : "03bae8b1-64a6-4471-8438-c21a1f393a05", "n" : "Laika", "s" : "Dog", "b" : "Mongrel", "a" : 3, "st" : { "$oid" : "5865b00ea86f62babb017b8c" }, "p" : 855.12, "rd" : { "$date" : 1481735521820 }, "sl" : false, "l": true }
{ "_id" : { "$oid" : "5865b0b8a86f62babb017ba8" }, "ei" : "03bae8b1-64a6-4471-8438-c21a1f393a06", "n" : "Lala", "s" : "Hamster", "b" : "Ragdoll", "a" : 1, "st" : { "$oid" : "5865b00ea86f62babb017b8c" }, "p" : 120.22, "rd" : { "$date" : 1481735521820 }, "sl" : false, "l": true }
{ "_id" : { "$oid" : "5865b0b8a86f62babb017ba9" }, "ei" : "03bae8b1-64a6-4471-8438-c21a1f393a07", "n" : "Cheeky", "s" : "Hamster", "b" : "Syrian", "a" : 2, "st" : { "$oid" : "5865b00ea86f62babb017b8c" }, "p" : 132.44, "rd" : { "$date" : 1481735521820 }, "sl" : false, "l": true }
{ "_id" : { "$oid" : "5865b0b8a86f62babb017baa" }, "ei" : "03bae8b1-64a6-4471-8438-c21a1f393a08", "n" : "Corsario", "s" : "Dog", "b" : "German Sheperd", "a" : 3, "st" : { "$oid" : "5865b00ea86f62babb017b8c" }, "p" : 1550.82, "rd" : { "$date" : 1481735521820 }, "sl" : false, "l": true }
{ "_id" : { "$oid" : "5865b0b8a86f62babb017bab" }, "ei" : "03bae8b1-64a6-4471-8438-c21a1f393a09", "n" : "Sandy", "s" : "Dog", "b" : "Poodle", "a" : 4, "st" : { "$oid" : "5865b00ea86f62babb017b8c" }, "p" : 984.42, "rd" : { "$date" : 1481735521820 }, "sl" : false, "l": true }
{ "_id" : { "$oid" : "5865b0b8a86f62babb017bac" }, "ei" : "03bae8b1-64a6-4471-8438-c21a1f393a10", "n" : "Idefix", "s" : "Dog", "b" : "Terrier", "a" : 1, "st" : { "$oid" : "5865b00ea86f62babb017b8c" }, "p" : 764.12, "rd" : { "$date" : 1481735521820 }, "sl" : false, "l": true }
{ "_id" : { "$oid" : "5865b0b8a86f62babb017bad" }, "ei" : "03bae8b1-64a6-4471-8438-c21a1f393a11", "n" : "Sunny", "s" : "Cat", "b" : "Persian", "a" : 2, "st" : { "$oid" : "5865b00ea86f62babb017b8c" }, "p" : 488.15, "rd" : { "$date" : 1481735521820 }, "sl" : false, "l": true }
{ "_id" : { "$oid" : "5865b0b8a86f62babb017bae" }, "ei" : "03bae8b1-64a6-4471-8438-c21a1f393a12", "n" : "Bob", "s" : "Cat", "b" : "Burmese", "a" : 2, "st" : { "$oid" : "5865b00ea86f62babb017b8c" }, "p" : 672.88, "rd" : { "$date" : 1481735521820 }, "sl" : false, "l": true }
{ "_id" : { "$oid" : "5865b0b8a86f62babb017baf" }, "ei" : "03bae8b1-64a6-4471-8438-c21a1f393a13", "n" : "Mickey", "s" : "Dog", "b" : "Maltese", "a" : 1, "st" : { "$oid" : "5865b00ea86f62babb017b8d" }, "p" : 721.28, "rd" : { "$date" : 1481735521820 }, "sl" : false, "l": true }
{ "_id" : { "$oid" : "5865b0b8a86f62babb017bb0" }, "ei" : "03bae8b1-64a6-4471-8438-c21a1f393a14", "n" : "Minnie", "s" : "Dog", "b" : "Maltese", "a" : 1, "st" : { "$oid" : "5865b00ea86f62babb017b8d" }, "p" : 722.28, "rd" : { "$date" : 1481735521820 }, "sl" : false, "l": true }
{ "_id" : { "$oid" : "5865b0b8a86f62babb017bb1" }, "ei" : "03bae8b1-64a6-4471-8438-c21a1f393a15", "n" : "Snow Globe", "s" : "Dog", "b" : "Maltese", "a" : 2, "st" : { "$oid" : "5865b00ea86f62babb017b8d" }, "p" : 554.28, "rd" : { "$date" : 1481735521820 }, "sl" : false, "l": true }
