{ "_id" : { "$oid" : "5865b00ea86f62babb017b8c" }, "ei" : "03bae8b1-64a6-4471-8438-c21a1f393a01", "n" : "Bay Ridge", "sa" : "1113 Bay Ridge Avenue", "c" : "Brooklyn", "st" : "NY", "z" : "11209", "p" : "718-222-2445", "l" : true }
{ "_id" : { "$oid" : "5865b00ea86f62babb017b8d" }, "ei" : "03bae8b1-64a6-4471-8438-c21a1f393a02", "n" : "Sunset Park", "sa" : "115 Sunset Park Avenue", "c" : "Brooklyn", "st" : "NY", "z" : "11235", "p" : "718-987-3445", "l" : true }
{ "_id" : { "$oid" : "5865b00ea86f62babb017b8e" }, "ei" : "03bae8b1-64a6-4471-8438-c21a1f393a03", "n" : "Dyker Heights", "sa" : "2447 S16th Avenue", "c" : "Brooklyn", "st" : "NY", "z" : "11256", "p" : "718-655-3245", "l" : true }
{ "_id" : { "$oid" : "5865b00ea86f62babb017b8f" }, "ei" : "03bae8b1-64a6-4471-8438-c21a1f393a04", "n" : "Park Slope", "sa" : "33 7th Avenue", "c" : "Brooklyn", "st" : "NY", "z" : "11321", "p" : "718-686-3432", "l" : true }
{ "_id" : { "$oid" : "5865b00ea86f62babb017b90" }, "ei" : "03bae8b1-64a6-4471-8438-c21a1f393a05", "n" : "Carroll Gardens", "sa" : "232 Carroll Gardens Avenue", "c" : "Brooklyn", "st" : "NY", "z" : "11883", "p" : "718-112-7666", "l" : true }
{ "_id" : { "$oid" : "5865b00ea86f62babb017b91" }, "ei" : "03bae8b1-64a6-4471-8438-c21a1f393a06", "n" : "Greenpoint", "sa" : "99 Greenpoint Avenue", "c" : "Brooklyn", "st" : "NY", "z" : "11313", "p" : "718-239-1121", "l" : true }
{ "_id" : { "$oid" : "5865b00ea86f62babb017b92" }, "ei" : "03bae8b1-64a6-4471-8438-c21a1f393a07", "n" : "Williamsburg", "sa" : "556 Boerum Street", "c" : "Brooklyn", "st" : "NY", "z" : "11841", "p" : "718-877-2377", "l" : true }
{ "_id" : { "$oid" : "5865b00ea86f62babb017b93" }, "ei" : "03bae8b1-64a6-4471-8438-c21a1f393a08", "n" : "College Point", "sa" : "77 115th Street", "c" : "College Point", "st" : "NY", "z" : "11356", "p" : "718-987-2237", "l" : true }
{ "_id" : { "$oid" : "5865b00ea86f62babb017b94" }, "ei" : "03bae8b1-64a6-4471-8438-c21a1f393a09", "n" : "Flushing", "sa" : "344 125th Street", "c" : "Flushing", "st" : "NY", "z" : "11359", "p" : "718-232-2287", "l" : true }
{ "_id" : { "$oid" : "5865b00ea86f62babb017b95" }, "ei" : "03bae8b1-64a6-4471-8438-c21a1f393a10", "n" : "Whitestone", "sa" : "77 23rd Avenue", "c" : "Whitestone", "st" : "NY", "z" : "11452", "p" : "718-667-2388", "l" : true }
{ "_id" : { "$oid" : "5865b00ea86f62babb017b96" }, "ei" : "03bae8b1-64a6-4471-8438-c21a1f393a11", "n" : "Bayside", "sa" : "888 219th Street", "c" : "Flushing", "st" : "NY", "z" : "11361", "p" : "718-329-3345", "l" : true }
{ "_id" : { "$oid" : "5865b00ea86f62babb017b97" }, "ei" : "03bae8b1-64a6-4471-8438-c21a1f393a12", "n" : "Floral Park", "sa" : "3 Rose Avenue", "c" : "Floral Park", "st" : "NY", "z" : "11001", "p" : "718-231-3277", "l" : true }
{ "_id" : { "$oid" : "5865b00ea86f62babb017b98" }, "ei" : "03bae8b1-64a6-4471-8438-c21a1f393a13", "n" : "Jamaica", "sa" : "232 107th Avenue", "c" : "Jamaica", "st" : "NY", "z" : "11433", "p" : "718-232-3377", "l" : true }
{ "_id" : { "$oid" : "5865b00ea86f62babb017b99" }, "ei" : "03bae8b1-64a6-4471-8438-c21a1f393a14", "n" : "Forest Hills", "sa" : "44 Groton Avenue", "c" : "Flushing", "st" : "NY", "z" : "11375", "p" : "718-988-8866", "l" : true }
{ "_id" : { "$oid" : "5865b00ea86f62babb017b9a" }, "ei" : "03bae8b1-64a6-4471-8438-c21a1f393a15", "n" : "Rego Park", "sa" : "233 Wetherole Street", "c" : "Flushing", "st" : "NY", "z" : "11374", "p" : "718-665-3433", "l" : true }
{ "_id" : { "$oid" : "5865b00ea86f62babb017b9b" }, "ei" : "03bae8b1-64a6-4471-8438-c21a1f393a16", "n" : "Tribeca", "sa" : "51 Hudson Street", "c" : "New York", "st" : "NY", "z" : "10013", "p" : "212-355-2244", "l" : true }
{ "_id" : { "$oid" : "5865b00ea86f62babb017b9c" }, "ei" : "03bae8b1-64a6-4471-8438-c21a1f393a17", "n" : "Hell's Kitchen", "sa" : "449 West 50th Street", "c" : "New York", "st" : "NY", "z" : "10019", "p" : "212-814-9365", "l" : true }
{ "_id" : { "$oid" : "5865b00ea86f62babb017b9d" }, "ei" : "03bae8b1-64a6-4471-8438-c21a1f393a18", "n" : "Upper East Side", "sa" : "223 East 75th Street", "c" : "New York", "st" : "NY", "z" : "10021", "p" : "212-774-2343", "l" : true }
{ "_id" : { "$oid" : "5865b00ea86f62babb017b9e" }, "ei" : "03bae8b1-64a6-4471-8438-c21a1f393a19", "n" : "Upper West Side", "sa" : "334 West 70th Street", "c" : "New York", "st" : "NY", "z" : "10023", "p" : "212-442-2442", "l" : true }
{ "_id" : { "$oid" : "5865b00ea86f62babb017b9f" }, "ei" : "03bae8b1-64a6-4471-8438-c21a1f393a20", "n" : "Harlem", "sa" : "2244 Adam Clayton Powell Jr Boulevard", "c" : "New York", "st" : "NY", "z" : "10027", "p" : "212-785-7543", "l" : true }
{ "_id" : { "$oid" : "5865b00ea86f62babb017ba0" }, "ei" : "03bae8b1-64a6-4471-8438-c21a1f393a21", "n" : "Fordham Heights", "sa" : "2255 Webster Avenue", "c" : "Bronx", "st" : "NY", "z" : "10457", "p" : "718-445-2312", "l" : true }
{ "_id" : { "$oid" : "5865b00ea86f62babb017ba1" }, "ei" : "03bae8b1-64a6-4471-8438-c21a1f393a22", "n" : "Allerton", "sa" : "2455 Bronxwood Avenue", "c" : "Bronx", "st" : "NY", "z" : "10455", "p" : "718-322-3366", "l" : true }
{ "_id" : { "$oid" : "5865b00ea86f62babb017ba2" }, "ei" : "03bae8b1-64a6-4471-8438-c21a1f393a23", "n" : "Bulls Head", "sa" : "99 Renee Place", "c" : "Staten Island", "st" : "NY", "z" : "10314", "p" : "718-238-8899", "l" : true }
